seed,adamw_best,muon_best,delta,relative_improvement_pct
1337,3.7986318543553352,3.6944274622946978,0.10420439206063747,2.743208503902834
2024,3.7957755364477634,3.6945774890482426,0.10119804739952087,2.6660703834512303
2025,3.8223958872258663,3.725771253928542,0.09662463329732418,2.5278552025507297
