seed,optimizer,status,last_step,tokens_seen,best_val_loss,last_val_loss,median_tokens_per_second,max_gpu_gb,parameter_count,model,dataset,fineweb_config,train_tokens_cache,validation_tokens_cache,micro_batch_size,grad_accum_steps,effective_batch_tokens,run_dir
1337,AdamW,completed,4000,262144000,3.7986318543553352,3.7986318543553352,102926.572423931,9.62765884399414,123963648,MiniGPT-Dense-125M-v1,HuggingFaceFW/fineweb-edu,sample-10BT,500000000,5000000,16,8,65536,gpu_benchmark/downloaded_runs/finewebedu_125m_adamw_sample10bt_seed1337_4000s_001
1337,Hybrid Muon,completed,4000,262144000,3.6944274622946978,3.6944274622946978,87914.79816255138,9.28917932510376,123963648,MiniGPT-Dense-125M-v1,HuggingFaceFW/fineweb-edu,sample-10BT,500000000,5000000,16,8,65536,gpu_benchmark/downloaded_runs/finewebedu_125m_muon_sample10bt_seed1337_4000s_001
2024,AdamW,completed,4000,262144000,3.7957755364477634,3.7957755364477634,102806.52080755796,9.62765884399414,123963648,MiniGPT-Dense-125M-v1,HuggingFaceFW/fineweb-edu,sample-10BT,500000000,5000000,16,8,65536,gpu_benchmark/downloaded_runs/finewebedu_125m_adamw_sample10bt_seed2024_4000s_001
2024,Hybrid Muon,completed,4000,262144000,3.6945774890482426,3.6945774890482426,87901.00845621942,9.28917932510376,123963648,MiniGPT-Dense-125M-v1,HuggingFaceFW/fineweb-edu,sample-10BT,500000000,5000000,16,8,65536,gpu_benchmark/downloaded_runs/finewebedu_125m_muon_sample10bt_seed2024_4000s_001
2025,AdamW,completed,4000,262144000,3.8223958872258663,3.835746554657817,103040.28390873218,9.62765884399414,123963648,MiniGPT-Dense-125M-v1,HuggingFaceFW/fineweb-edu,sample-10BT,500000000,5000000,16,8,65536,gpu_benchmark/downloaded_runs/finewebedu_125m_adamw_sample10bt_seed2025_4000s_001
2025,Hybrid Muon,completed,4000,262144000,3.725771253928542,3.7376166824251413,87896.85130795208,9.28917932510376,123963648,MiniGPT-Dense-125M-v1,HuggingFaceFW/fineweb-edu,sample-10BT,500000000,5000000,16,8,65536,gpu_benchmark/downloaded_runs/finewebedu_125m_muon_sample10bt_seed2025_4000s_001
