dataset,steps,n,adamw_mean,adamw_std,muon_mean,muon_std,delta_mean,delta_std,relative_mean_pct
FineWeb-Edu-500M,4000,3,3.974739604940017,0.015020084996240773,3.864482461785277,0.01435729448220368,0.11025714315474033,0.0020244983263017677,2.7739229041675477
FineWeb-Edu-500M,8000,1,3.7376658711582422,0.0,3.6613840516656637,0.0,0.0762818194925785,0.0,2.040894561528583
TinyStories,4000,3,1.465789680679639,0.0028335901194056373,1.4116389046733577,0.0016317000785589664,0.054150776006281376,0.003635898372249796,3.694027999041808
