dataset,steps,seed,adamw,muon,delta,relative_pct,adamw_tok_s,muon_tok_s
FineWeb-Edu-500M,4000,1337,3.9690902922302485,3.857090786099434,0.11199950613081455,2.821792851376066,166087.92966459843,149367.60744423105
FineWeb-Edu-500M,4000,2024,3.963363314047456,3.8553270641714334,0.10803624987602234,2.725872985025282,166128.86928155838,149530.41252941877
FineWeb-Edu-500M,4000,2025,3.991765208542347,3.881029535084963,0.11073567345738411,2.774102876101295,166100.36951593414,149515.13790780975
FineWeb-Edu-500M,8000,1337,3.7376658711582422,3.6613840516656637,0.0762818194925785,2.040894561528583,166068.75415280735,149741.16335961275
TinyStories,4000,1337,1.4628739627078176,1.412920287810266,0.04995367489755154,3.414762732196422,166037.24610248557,149292.78167619003
TinyStories,4000,2024,1.4685332980006933,1.4121944522485137,0.05633884575217962,3.8364023361867976,166062.44857385248,149747.64047873596
TinyStories,4000,2025,1.4659617813304067,1.4098019739612937,0.05615980736911297,3.8309189287422054,166210.55784671567,149516.31309035624
